<?xml version="1.0"?>
<robots>
  <robot id="slow">
    <xCoordinate>100</xCoordinate>
    <yCoordinate>95</yCoordinate>
    <speed>0</speed>
    <maxSpeed>3</maxSpeed>
    <acceleration> 0.05 </acceleration>
    <angularVelocity> 3 </angularVelocity>
    <odometer> 0</odometer>
    <batteryLeft>1200</batteryLeft>
    <batteryCapacity>1200</batteryCapacity>
    <axleLength>32</axleLength>
    <wheelRadius>48</wheelRadius>
  </robot>
  <robot id="fast">
    <xCoordinate>100</xCoordinate>
    <yCoordinate>95</yCoordinate>
    <speed>0</speed>
    <maxSpeed>5</maxSpeed>
    <acceleration> 0.1 </acceleration>
    <angularVelocity> 3 </angularVelocity>
    <odometer> 0</odometer>
    <batteryLeft>1200</batteryLeft>
    <batteryCapacity>1200</batteryCapacity>
    <axleLength>32</axleLength>
    <wheelRadius>48</wheelRadius>
  </robot>
</robots>
